<?xml version="1.0" encoding="ISO-8859-1"?>
<DOSSIER TYPE="110">
<DOSSIERNUMBER>D-346789</DOSSIERNUMBER>
<INVOICE>
<INVOICENUMBER>I-13534543656</INVOICENUMBER>
<CUSTOMERNUMBER>C-2367</CUSTOMERNUMBER>
<CUSTOMERNAME>Meier</CUSTOMERNAME>
<INVOICELINE>
<LINEID>1223</LINEID>
<AMOUNT>12,34</AMOUNT>
<CURRENCY>EUR</CURRENCY>
</INVOICELINE>
<INVOICELINE>
<LINEID>1224</LINEID>
<AMOUNT>4,56</AMOUNT>
<CURRENCY>EUR</CURRENCY>
</INVOICELINE>
<INVOICELINE>
<LINEID>1225</LINEID>
<AMOUNT>111,99</AMOUNT>
<CURRENCY>EUR</CURRENCY>
</INVOICELINE>
</INVOICE>

<INVOICE>
<INVOICENUMBER>I-31231231</INVOICENUMBER>
<CUSTOMERNUMBER>C-7575</CUSTOMERNUMBER>
<CUSTOMERNAME>Heinen</CUSTOMERNAME>
<INVOICELINE>
<LINEID>456</LINEID>
<AMOUNT>12,11</AMOUNT>
<CURRENCY>EUR</CURRENCY>
</INVOICELINE>
<INVOICELINE>
<LINEID>457</LINEID>
<AMOUNT>43,16</AMOUNT>
<CURRENCY>EUR</CURRENCY>
</INVOICELINE>
</INVOICE>

<INVOICE>
<INVOICENUMBER>I-2222</INVOICENUMBER>
<CUSTOMERNUMBER>C-1111</CUSTOMERNUMBER>
<CUSTOMERNAME>Tristan</CUSTOMERNAME>
</INVOICE>

<INVOICE>
<INVOICENUMBER>I-12321</INVOICENUMBER>
<CUSTOMERNUMBER>C-6789</CUSTOMERNUMBER>
<CUSTOMERNAME>Hellweg</CUSTOMERNAME>
<INVOICELINE>
<LINEID>123</LINEID>
<AMOUNT>11,44</AMOUNT>
<CURRENCY>EUR</CURRENCY>
</INVOICELINE>
<INVOICELINE>
<LINEID>125</LINEID>
<AMOUNT>4,34</AMOUNT>
<CURRENCY>EUR</CURRENCY>
</INVOICELINE>
<INVOICELINE>
<LINEID>127</LINEID>
<AMOUNT>1112,29</AMOUNT>
<CURRENCY>EUR</CURRENCY>
</INVOICELINE>
</INVOICE>


</DOSSIER>

